[
{
  "model": "fees.term",
  "pk": 1,
  "fields": {
    "name": "Term 2",
    "start_date": "2025-01-07",
    "end_date": "2025-08-15",
    "academic_year": "2025",
    "is_current": true,
    "created_at": "2025-04-09T22:17:29.135Z",
    "updated_at": "2025-04-09T22:17:29.135Z"
  }
},
{
  "model": "fees.feecategory",
  "pk": 1,
  "fields": {
    "name": "Academics",
    "category_type": "TUITION",
    "description": "Normal Academic Tuition fees",
    "is_required": true,
    "is_recurring": false,
    "is_active": true,
    "created_at": "2025-04-09T22:22:11.463Z",
    "updated_at": "2025-04-09T22:22:11.463Z"
  }
},
{
  "model": "fees.classfee",
  "pk": 1,
  "fields": {
    "classroom": 3,
    "fee_category": 1,
    "term": 1,
    "amount": "1200.00",
    "description": "Basic Academic Fees",
    "due_date": "2025-08-29",
    "created_by": [
      "admin@mail.com"
    ],
    "created_at": "2025-04-09T23:00:33.263Z",
    "updated_at": "2025-04-09T23:00:33.263Z"
  }
},
{
  "model": "fees.studentfee",
  "pk": 1,
  "fields": {
    "student": 4,
    "class_fee": 1,
    "amount": "1200.00",
    "amount_paid": "-1200.00",
    "balance": "2400.00",
    "status": "PARTIALLY_PAID",
    "due_date": "2025-08-29",
    "last_payment_date": "2025-04-11",
    "waiver_reason": null,
    "created_at": "2025-04-10T06:11:11.552Z",
    "updated_at": "2025-04-11T01:18:33.163Z"
  }
},
{
  "model": "fees.studentfee",
  "pk": 2,
  "fields": {
    "student": 5,
    "class_fee": 1,
    "amount": "1200.00",
    "amount_paid": "0.00",
    "balance": "1200.00",
    "status": "PENDING",
    "due_date": "2025-08-29",
    "last_payment_date": null,
    "waiver_reason": null,
    "created_at": "2025-04-10T06:11:11.670Z",
    "updated_at": "2025-04-10T06:11:11.670Z"
  }
},
{
  "model": "fees.studentfee",
  "pk": 3,
  "fields": {
    "student": 6,
    "class_fee": 1,
    "amount": "1200.00",
    "amount_paid": "0.00",
    "balance": "1200.00",
    "status": "PENDING",
    "due_date": "2025-08-29",
    "last_payment_date": null,
    "waiver_reason": null,
    "created_at": "2025-04-10T06:11:11.774Z",
    "updated_at": "2025-04-10T06:11:11.774Z"
  }
},
{
  "model": "fees.payment",
  "pk": 1,
  "fields": {
    "student_fee": 1,
    "amount": "300.00",
    "payment_date": "2025-04-11",
    "payment_method": "CASH",
    "transaction_id": "",
    "received_by": [
      "americandey@colabeta.com"
    ],
    "notes": "Paid",
    "created_at": "2025-04-11T00:58:46.884Z"
  }
},
{
  "model": "fees.payment",
  "pk": 2,
  "fields": {
    "student_fee": 1,
    "amount": "300.00",
    "payment_date": "2025-04-11",
    "payment_method": "CASH",
    "transaction_id": "",
    "received_by": [
      "americandey@colabeta.com"
    ],
    "notes": "Paid",
    "created_at": "2025-04-11T01:01:33.066Z"
  }
},
{
  "model": "fees.payment",
  "pk": 3,
  "fields": {
    "student_fee": 1,
    "amount": "-900.00",
    "payment_date": "2025-04-11",
    "payment_method": "CASH",
    "transaction_id": "",
    "received_by": [
      "americandey@colabeta.com"
    ],
    "notes": "",
    "created_at": "2025-04-11T01:18:32.727Z"
  }
}
]
