{
  "backup_info": {
    "created_at": "20250525_211507",
    "django_version": "5.1.6",
    "python_version": "3.12.10",
    "database_engine": "django.db.backends.sqlite3",
    "backup_type": "full_system_backup",
    "version": "1.0"
  },
  "contents": {
    "database": "Complete database dump in JSON format",
    "media": "All uploaded media files",
    "configuration": "Django settings and requirements"
  },
  "restoration_notes": [
    "1. Restore database using: python manage.py loaddata database/full_data.json",
    "2. Copy media files to MEDIA_ROOT directory",
    "3. Review configuration files for any needed updates",
    "4. Run migrations if needed: python manage.py migrate",
    "5. Collect static files: python manage.py collectstatic"
  ]
}